id,community,subscribers,num_posts,num_users,is_user
r/announcements,5,202719824,138,21,False
r/funny,1,48108476,60,17,False
r/AskReddit,5,40249936,13,4,False
r/gaming,1,36492322,75,22,False
r/aww,7,33655974,112,31,False
r/Music,8,32043294,145,37,False
r/worldnews,8,31254656,133,37,False
r/todayilearned,5,31041441,114,39,False
r/movies,1,30617572,252,35,False
r/pics,7,29880182,72,24,False
r/science,8,29777181,395,44,False
r/videos,7,26681502,37,17,False
r/news,8,25945473,118,45,False
r/Jokes,8,25595814,85,21,False
r/memes,1,24756896,97,34,False
r/askscience,8,23801712,29,7,False
r/food,9,23259389,110,39,False
r/EarthPorn,9,23119664,231,68,False
r/space,9,22950242,231,52,False
r/IAmA,8,22449620,115,47,False
r/books,8,22329119,134,28,False
r/Art,7,22301174,140,47,False
r/DIY,5,22213881,84,28,False
r/nottheonion,8,22130650,63,25,False
r/LifeProTips,8,21894053,40,16,False
r/gifs,7,21607896,195,50,False
r/gadgets,8,21140247,392,47,False
r/sports,7,20617425,230,33,False
r/Documentaries,8,20330797,104,40,False
r/GetMotivated,3,19708294,163,37,False
r/dataisbeautiful,8,19412166,207,60,False
r/UpliftingNews,8,18933419,172,42,False
r/blog,5,18855230,435,37,False
r/Futurology,8,18337953,358,40,False
r/photoshopbattles,7,18270824,74,28,False
r/listentothis,8,17831173,31,14,False
r/OldSchoolCool,7,17590591,70,28,False
r/personalfinance,2,17515502,49,19,False
r/history,8,17455189,165,42,False
r/philosophy,8,17177794,343,31,False
r/television,1,16727932,229,47,False
r/InternetIsBeautiful,8,16429364,41,19,False
r/creepy,7,14731226,124,27,False
r/technology,8,13944142,253,64,False
r/TwoXChromosomes,8,13525374,163,19,False
r/wholesomememes,3,13489118,86,34,False
r/interestingasfuck,7,11275009,146,47,False
r/lifehacks,7,10292666,94,29,False
r/Unexpected,3,9930231,113,43,False
r/NatureIsFuckingLit,3,9806886,270,59,False
r/AdviceAnimals,1,9746458,85,31,False
r/dadjokes,8,9304641,151,32,False
r/Damnthatsinteresting,3,9215103,172,62,False
r/oddlysatisfying,7,9171568,140,39,False
r/politics,8,8294112,254,74,False
r/nextfuckinglevel,3,7785629,114,40,False
r/AnimalsBeingDerps,3,7409199,143,49,False
r/MadeMeSmile,3,7402345,156,55,False
r/travel,9,7400485,74,29,False
r/pcmasterrace,1,7337913,44,14,False
r/Whatcouldgowrong,3,7335404,64,26,False
r/Minecraft,1,7257261,96,36,False
r/me_irl,3,7227855,88,29,False
r/facepalm,3,7006039,173,41,False
r/WTF,7,6975975,53,21,False
r/HistoryMemes,1,6888861,71,27,False
r/anime,1,6727116,258,42,False
r/AnimalsBeingBros,7,6520186,182,35,False
r/nba,8,6502213,266,56,False
r/leagueoflegends,1,6242811,76,29,False
r/CryptoCurrency,8,6176475,162,50,False
r/BeAmazed,3,6174137,221,47,False
r/AnimalsBeingJerks,7,5939102,121,38,False
r/ContagiousLaughter,3,5902373,59,22,False
r/dankmemes,1,5879181,135,40,False
r/therewasanattempt,3,5729283,101,37,False
r/BlackPeopleTwitter,7,5632633,195,55,False
r/PS4,1,5601591,133,36,False
r/place,5,5460758,55,22,False
r/mildlyinfuriating,8,5458779,6,2,False
r/WatchPeopleDieInside,7,5427949,160,52,False
r/bestof,7,5361354,73,13,False
r/programming,8,5278239,116,40,False
r/Awwducational,3,5165130,283,52,False
r/photography,9,5153741,91,35,False
r/Bitcoin,8,4863075,77,28,False
r/HumansBeingBros,7,4851477,82,30,False
r/YouShouldKnow,8,4761722,46,19,False
r/woodworking,5,4742770,111,36,False
r/itookapicture,9,4722099,116,43,False
r/trippinthroughtime,3,4704104,400,40,False
r/rarepuppers,7,4666176,154,42,False
r/cars,8,4652295,104,37,False
r/Outdoors,9,4621389,133,44,False
r/BikiniBottomTwitter,3,4535709,96,36,False
r/NintendoSwitch,1,4498700,129,32,False
r/PublicFreakout,8,4476673,167,55,False
r/instant_regret,3,4462628,270,47,False
r/starterpacks,9,4455418,67,30,False
r/pokemon,1,4339653,100,31,False
r/Overwatch,1,4307611,91,24,False
r/europe,9,4299563,109,33,False
r/cats,7,4119739,37,17,False
r/soccer,8,4119337,189,48,False
r/IdiotsInCars,3,4101364,55,21,False
r/woahdude,7,4081274,152,41,False
r/KidsAreFuckingStupid,3,4057537,85,32,False
r/apple,8,4020776,189,51,False
r/HighQualityGifs,7,4018124,394,64,False
r/xboxone,1,4009947,84,30,False
r/Eyebleach,7,3976205,261,48,False
r/MovieDetails,5,3974040,162,26,False
r/reactiongifs,7,3923439,155,49,False
r/nonononoyes,3,3907748,112,32,False
r/iphone,8,3810556,70,28,False
r/blackmagicfuckery,3,3795004,103,35,False
r/entertainment,8,3762500,354,57,False
r/learnprogramming,8,3750143,70,25,False
r/nfl,8,3700917,235,68,False
r/PewdiepieSubmissions,3,3576299,62,23,False
r/pettyrevenge,1,3568518,20,10,False
r/Animemes,1,3523165,221,55,False
r/HolUp,3,3408953,77,29,False
r/blursedimages,3,3367512,61,26,False
r/spaceporn,9,3362933,250,66,False
r/socialskills,8,3335499,76,28,False
r/cursedcomments,3,3314340,16,8,False
r/keto,0,3238030,110,42,False
r/coolguides,9,3222363,60,25,False
r/hardware,8,3194983,239,57,False
r/howto,7,3193607,241,66,False
r/Wellthatsucks,7,3188189,44,16,False
r/Games,1,3182137,158,37,False
r/Economics,8,3173252,265,64,False
r/DiWHY,9,3152257,36,17,False
r/OutOfTheLoop,9,3149128,20,10,False
r/raspberry_pi,9,3139872,79,29,False
r/pcgaming,1,3098761,178,37,False
r/marvelstudios,1,3076172,128,39,False
r/BetterEveryLoop,7,3031813,212,45,False
r/DnD,1,3007559,251,45,False
r/changemyview,1,2980567,29,13,False
r/PS5,1,2974026,204,44,False
r/formula1,9,2969348,191,38,False
r/assholedesign,3,2963674,9,4,False
r/yesyesyesyesno,3,2959906,107,26,False
r/MealPrepSunday,4,2950654,96,28,False
r/trashy,7,2928372,45,20,False
r/teenagers,3,2918487,29,10,False
r/WhitePeopleTwitter,3,2841611,232,52,False
r/Frugal,8,2834149,30,14,False
r/ProgrammerHumor,1,2831272,55,24,False
r/educationalgifs,3,2811257,301,46,False
r/MurderedByWords,8,2803218,265,16,False
r/ksi,1,2791921,71,31,False
r/atheism,8,2776732,284,29,False
r/StarWars,3,2741736,67,26,False
r/rickandmorty,1,2708164,55,22,False
r/nevertellmetheodds,3,2702199,84,19,False
r/anime_irl,1,2681136,155,36,False
r/somethingimade,5,2676037,118,44,False
r/suggestmeabook,3,2619242,24,12,False
r/astrophotography,9,2617655,241,72,False
r/hacking,8,2610352,129,40,False
r/PeopleFuckingDying,3,2607105,103,32,False
r/MachineLearning,8,2602811,208,54,False
r/marvelmemes,1,2602102,112,38,False
r/oddlyterrifying,3,2575025,73,25,False
r/ThriftStoreHauls,4,2523701,62,25,False
r/maybemaybemaybe,3,2521617,273,48,False
r/antiwork,8,2503615,64,25,False
r/youseeingthisshit,3,2444834,160,38,False
r/toptalent,3,2431693,173,40,False
r/Android,8,2425789,129,40,False
r/ChoosingBeggars,1,2420317,26,13,False
r/natureismetal,3,2410980,234,48,False
r/Design,9,2387098,128,48,False
r/PrequelMemes,1,2368124,88,32,False
r/technicallythetruth,3,2368097,62,21,False
r/meirl,7,2364851,261,63,False
r/hiphopheads,8,2354838,114,38,False
r/AbruptChaos,3,2341697,105,40,False
r/rareinsults,3,2333209,39,15,False
r/instantkarma,3,2325458,124,33,False
r/javascript,8,2322269,157,44,False
r/wow,9,2320307,43,19,False
r/Coronavirus,8,2285396,217,70,False
r/baseball,8,2271821,235,42,False
r/FortNiteBR,9,2244407,80,30,False
r/MapPorn,9,2242843,88,34,False
r/shitposting,1,2235353,124,47,False
r/apexlegends,7,2221214,59,21,False
r/investing,8,2212931,180,55,False
r/WhatsWrongWithYourDog,3,2196231,146,33,False
r/nintendo,1,2182373,163,43,False
r/Physics,8,2179141,172,59,False
r/teslamotors,8,2173596,86,31,False
r/compsci,8,2152394,153,41,False
r/homeautomation,9,2137044,131,51,False
r/SweatyPalms,3,2131747,130,39,False
r/comics,1,2128814,391,59,False
r/insanepeoplefacebook,3,2108255,80,27,False
r/DunderMifflin,3,2101871,64,26,False
r/zelda,1,2093731,124,42,False
r/math,8,2051083,104,39,False
r/iamatotalpieceofshit,3,2036008,33,16,False
r/PUBATTLEGROUNDS,1,2022970,74,23,False
r/EDM,7,2014923,147,48,False
r/JusticeServed,8,2003851,116,39,False
r/mealtimevideos,8,1988146,178,45,False
r/PremierLeague,8,1962417,186,52,False
r/audiophile,8,1953620,89,36,False
r/trees,8,1948414,65,16,False
r/LivestreamFail,1,1945645,88,34,False
r/hmmm,7,1945127,114,31,False
r/funnysigns,8,1941060,180,45,False
r/conspiracy,8,1924354,128,43,False
r/ATBGE,7,1912015,21,10,False
r/hearthstone,7,1902331,78,31,False
r/savedyouaclick,9,1899296,115,42,False
r/perfectlycutscreams,1,1871550,46,21,False
r/BiggerThanYouThought,10,1865360,298,62,False
r/softwaregore,8,1847170,8,4,False
r/AnimalCrossing,1,1841259,76,30,False
r/manga,1,1835760,325,49,False
r/chemistry,1,1830158,122,42,False
r/spacex,9,1828412,333,65,False
r/Genshin_Impact,1,1824135,186,70,False
r/Eldenring,1,1815682,50,22,False
r/motorcycles,9,1800338,67,29,False
r/FunnyAnimals,3,1792188,248,56,False
r/fightporn,3,1788516,145,44,False
r/Steam,1,1784535,37,14,False
r/ThatsInsane,3,1783924,252,43,False
r/CatastrophicFailure,9,1773062,116,35,False
r/holdmycosmo,3,1766776,209,41,False
r/GlobalOffensive,8,1763388,67,29,False
r/MemeEconomy,1,1761528,132,29,False
r/OnePiece,1,1745646,208,53,False
r/AskHistorians,5,1739829,91,29,False
r/quityourbullshit,7,1730259,74,15,False
r/confusing_perspective,3,1719566,39,15,False
r/3Dprinting,9,1716429,117,44,False
r/comedyheaven,5,1702665,55,21,False
r/TIHI,3,1696254,79,31,False
r/carporn,9,1685923,175,53,False
r/RoomPorn,9,1681750,359,34,False
r/ShittyLifeProTips,3,1679813,86,35,False
r/DesignPorn,7,1667914,70,21,False
r/povertyfinance,7,1667398,85,28,False
r/CasualUK,1,1651724,55,22,False
r/ProRevenge,5,1636692,35,15,False
r/canada,8,1630670,137,35,False
r/india,8,1614962,158,50,False
r/ADHD,8,1611843,31,12,False
r/TikTokCringe,3,1598696,245,54,False
r/VALORANT,8,1597170,61,23,False
r/malelivingspace,7,1592424,51,24,False
r/productivity,8,1584054,124,45,False
r/thewalkingdead,8,1583855,83,27,False
r/PerfectTiming,7,1579021,73,19,False
r/PoliticalHumor,8,1572509,195,57,False
r/hockey,8,1571058,172,47,False
r/webdev,8,1552542,148,46,False
r/Amd,8,1544109,73,31,False
r/lotrmemes,3,1540974,88,31,False
r/niceguys,7,1540654,8,4,False
r/cringepics,7,1515826,33,12,False
r/XboxSeriesX,1,1509702,125,37,False
r/KerbalSpaceProgram,9,1491517,195,42,False
r/StartledCats,3,1491382,160,43,False
r/FuckYouKaren,3,1473893,93,39,False
r/psychology,8,1456552,373,44,False
r/clevercomebacks,3,1453554,173,33,False
r/BuyItForLife,8,1449985,46,20,False
r/skyrim,2,1445471,65,19,False
r/2meirl4meirl,3,1434946,127,41,False
r/AbsoluteUnits,3,1431682,49,18,False
r/southpark,7,1408503,53,23,False
r/unitedkingdom,8,1404690,251,62,False
r/greentext,3,1392913,89,26,False
r/Zoomies,3,1383873,122,29,False
r/environment,8,1380158,289,58,False
r/ArchitecturePorn,9,1375508,252,55,False
r/gtaonline,4,1372474,80,26,False
r/CombatFootage,9,1361510,278,64,False
r/vinyl,1,1345285,65,27,False
r/cringe,8,1343187,70,21,False
r/getdisciplined,8,1339559,156,42,False
r/Twitch,1,1326735,39,16,False
r/ShingekiNoKyojin,1,1325783,158,51,False
r/thalassophobia,7,1298928,36,15,False
r/privacy,8,1296563,154,43,False
r/4chan,1,1293925,65,27,False
r/nvidia,8,1292094,73,25,False
r/business,8,1288002,298,53,False
r/tumblr,3,1284716,207,47,False
r/AnimalTextGifs,3,1265597,287,60,False
r/theydidthemath,3,1263258,22,11,False
r/simpleliving,8,1258251,113,40,False
r/suspiciouslyspecific,3,1257476,84,30,False
r/gifsthatkeepongiving,7,1255374,220,41,False
r/TheLastAirbender,3,1255027,155,59,False
r/HumansAreMetal,3,1254374,109,33,False
r/self,5,1236796,45,22,False
r/Simulated,7,1233460,313,78,False
r/vegan,8,1219261,182,33,False
r/PraiseTheCameraMan,7,1214730,80,23,False
r/freefolk,1,1212830,70,30,False
r/ANormalDayInRussia,3,1211345,167,55,False
r/BeforeNAfterAdoption,3,1207883,56,26,False
r/UrbanHell,9,1198818,111,33,False
r/startups,8,1197758,114,35,False
r/PornhubComments,7,1196010,47,21,False
r/MechanicalKeyboards,5,1181953,90,33,False
r/AmateurRoomPorn,4,1181239,63,28,False
r/DotA2,8,1173655,102,25,False
r/DidntKnowIWantedThat,3,1170457,110,46,False
r/Terraria,9,1158959,128,45,False
r/ShitPostCrusaders,1,1155667,152,42,False
r/france,9,1151884,128,46,False
r/chemicalreactiongifs,7,1150747,198,36,False
r/australia,8,1148866,116,31,False
r/beta,5,1147357,64,25,False
r/EngineeringPorn,7,1140997,230,46,False
r/aviation,7,1140741,127,44,False
r/Naruto,1,1134658,122,44,False
r/MostBeautiful,3,1134399,404,31,False
r/MakeMeSuffer,3,1134102,30,15,False
r/FUCKYOUINPARTICULAR,3,1129713,47,18,False
r/worldbuilding,9,1117668,220,62,False
r/wheredidthesodago,1,1117426,361,47,False
r/fakehistoryporn,9,1116236,50,19,False
r/thisismylifenow,3,1115722,281,29,False
r/bigtiddygothgf,10,1112809,398,57,False
r/Python,8,1112499,104,43,False
r/nostalgia,9,1112410,64,27,False
r/Catswithjobs,3,1097734,95,35,False
r/Piracy,8,1097289,72,31,False
r/BrandNewSentence,3,1096226,116,31,False
r/evilbuildings,9,1084637,366,14,False
r/tippytaps,3,1081097,93,28,False
r/shittyaskscience,7,1078421,42,18,False
r/oldpeoplefacebook,9,1077895,4,2,False
r/agedlikemilk,8,1077554,9,4,False
r/StrangerThings,8,1076967,94,36,False
r/graphic_design,9,1068388,132,42,False
r/IllegallySmolCats,3,1063316,95,32,False
r/whatsthisplant,9,1063033,14,7,False
r/OnePunchMan,1,1060710,254,51,False
r/cyberpunkgame,1,1060507,67,25,False
r/de,1,1059082,157,34,False
r/gamedev,1,1052371,180,57,False
r/discordapp,8,1048180,60,21,False
r/im14andthisisdeep,7,1043534,4,2,False
r/okbuddyretard,4,1037463,85,36,False
r/reddeadredemption,1,1032774,72,28,False
r/TheDepthsBelow,7,1029703,272,44,False
r/wholesomegifs,7,1015907,280,48,False
r/lego,9,1012135,79,25,False
r/crappyoffbrands,1,1007600,17,8,False
r/ThingsCutInHalfPorn,7,1003782,245,43,False
r/lgbt,7,1002159,112,32,False
r/sciencememes,1,992707,142,49,False
r/economy,8,982545,393,53,False
r/cscareerquestions,8,977693,44,19,False
r/blender,9,972760,140,50,False
r/confidentlyincorrect,8,971068,48,19,False
r/yesyesyesno,3,965970,70,27,False
r/UNBGBBIIVCHIDCTIICBG,7,964433,258,47,False
r/witcher,3,963389,132,49,False
r/reddit.com,8,960428,20,9,False
r/ThatLookedExpensive,3,959259,81,29,False
r/dankvideos,1,957135,224,71,False
r/StupidFood,3,955917,64,20,False
r/shittymoviedetails,5,954480,117,30,False
r/tennis,9,953675,211,58,False
r/LeopardsAteMyFace,8,943374,115,32,False
r/OopsDidntMeanTo,7,933748,19,3,False
r/Fallout,2,930575,47,19,False
r/britishproblems,1,904764,63,26,False
r/london,8,904133,77,32,False
r/mechanical_gifs,7,900207,334,54,False
r/Breath_of_the_Wild,9,900083,97,38,False
r/SubredditDrama,5,895275,186,41,False
r/UFOs,5,894644,163,39,False
r/bonehurtingjuice,1,892763,50,17,False
r/GameDeals,1,892655,291,61,False
r/fffffffuuuuuuuuuuuu,3,889380,146,49,False
r/smashbros,1,888735,115,38,False
r/Justfuckmyshitup,7,886039,33,14,False
r/FunnyandSad,7,886027,155,44,False
r/Minecraftbuilds,1,882012,239,68,False
r/dogswithjobs,7,879369,87,27,False
r/gamernews,1,873640,303,46,False
r/intermittentfasting,0,868309,164,63,False
r/weed,8,864592,82,24,False
r/IASIP,3,860707,69,19,False
r/ukraine,8,860311,249,80,False
r/QuotesPorn,8,857041,168,53,False
r/blunderyears,9,851871,12,6,False
r/ScottishPeopleTwitter,3,843854,200,55,False
r/DadReflexes,7,842035,132,28,False
r/LateStageCapitalism,3,837508,152,43,False
r/dankchristianmemes,8,826130,51,21,False
r/whitepeoplegifs,7,821234,370,38,False
r/lotr,1,820856,114,35,False
r/linux,8,814116,95,36,False
r/funnyvideos,4,812265,231,75,False
r/Mommit,8,811446,93,35,False
r/NoahGetTheBoat,3,807568,76,30,False
r/electronics,9,802887,163,52,False
r/notinteresting,5,785239,50,16,False
r/OSHA,7,783580,49,19,False
r/Cyberpunk,9,783129,142,49,False
r/PenmanshipPorn,7,782815,105,26,False
r/sysadmin,8,780000,85,35,False
r/CrazyIdeas,9,778225,44,18,False
r/ffxiv,1,777547,128,34,False
r/ABoringDystopia,8,773946,74,26,False
r/Pareidolia,7,771605,51,20,False
r/talesfromtechsupport,8,765381,129,41,False
r/AskOuija,1,758840,54,19,False
r/suicidebywords,3,758194,33,12,False
r/Repsneakers,9,754961,111,41,False
r/futurama,1,753737,60,20,False
r/seduction,8,753663,155,44,False
r/web_design,8,753561,126,37,False
r/holdmyjuicebox,7,745395,209,50,False
r/SquaredCircle,8,740816,174,50,False
r/OneSecondBeforeDisast,4,737743,182,45,False
r/playstation,1,730961,62,25,False
r/EngineeringStudents,1,727832,81,30,False
r/Kanye,8,727245,54,23,False
r/formuladank,9,727020,92,36,False
r/bjj,5,719391,126,49,False
r/LSD,7,716458,107,38,False
r/brooklynninenine,1,709603,110,39,False
r/JusticePorn,3,704272,38,17,False
r/RetroFuturism,7,703617,183,48,False
r/nyc,8,701646,97,34,False
r/LearnUselessTalents,7,698438,139,41,False
r/learnpython,8,696557,104,30,False
r/WorkReform,8,675298,236,39,False
r/DataHoarder,8,673929,95,34,False
r/ImaginaryLandscapes,9,673084,364,38,False
r/perfectloops,7,667931,195,48,False
r/ich_iel,1,665721,144,46,False
r/shittyrobots,7,664617,91,33,False
r/PandR,7,662799,195,19,False
r/CatsStandingUp,3,662279,205,51,False
r/Buddhism,8,660207,117,42,False
r/thanosdidnothingwrong,1,656747,85,27,False
r/HighStrangeness,8,653675,187,46,False
r/GymMemes,8,652154,223,59,False
r/ihavesex,7,642078,15,7,False
r/Catswhoyell,4,639275,60,27,False
r/lostredditors,3,638015,24,12,False
r/SelfAwarewolves,8,636785,47,21,False
r/germany,9,636581,80,32,False
r/technews,8,634854,337,61,False
r/LosAngeles,8,630814,114,39,False
r/AmongUs,1,624561,75,27,False
r/disneyvacation,9,623090,197,49,False
r/StoppedWorking,3,617857,208,32,False
r/woof_irl,3,612609,169,50,False
r/HongKong,8,610291,287,53,False
r/labrats,1,607084,182,55,False
r/pussypassdenied,7,602583,100,37,False
r/Gamingcirclejerk,8,600098,57,25,False
r/ketorecipes,4,596696,196,49,False
r/blackpeoplegifs,7,586304,367,47,False
r/Funnymemes,3,581011,212,70,False
r/community,1,580710,153,41,False
r/geek,7,579982,300,27,False
r/shrooms,5,579560,89,27,False
r/LiminalSpace,7,576925,52,21,False
r/PoliticalCompassMemes,1,571437,95,33,False
r/MilitaryPorn,9,571395,251,58,False
r/vexillology,9,569267,66,28,False
r/AteTheOnion,7,563296,47,18,False
r/homelab,9,559273,44,19,False
r/rupaulsdragrace,3,556288,159,54,False
r/arduino,9,553945,147,56,False
r/popping,8,552018,85,39,False
r/tech,8,546887,341,55,False
r/Anticonsumption,8,546447,87,32,False
r/Bad_Cop_No_Donut,3,542342,159,45,False
r/submechanophobia,9,537022,74,30,False
r/cute,3,534559,200,62,False
r/ClashOfClans,1,533448,75,32,False
r/firstworldanarchists,7,521567,31,14,False
r/LeagueOfMemes,1,518915,101,35,False
r/dontyouknowwhoiam,8,518880,77,16,False
r/Stoicism,8,518784,143,46,False
r/SandersForPresident,8,517728,268,44,False
r/bayarea,8,515507,138,39,False
r/TheMandalorianTV,3,513056,107,45,False
r/sweden,8,511956,137,31,False
r/doctorwho,9,504481,125,42,False
r/PropagandaPosters,7,494205,215,60,False
r/assassinscreed,1,493613,167,53,False
r/TheSimpsons,7,493061,81,35,False
r/coding,8,490260,257,37,False
r/Thisismylifemeow,3,485077,243,42,False
r/KenM,7,482548,241,54,False
r/attackontitan,1,479024,173,50,False
r/poland,9,477867,118,36,False
r/collapse,8,476177,173,50,False
r/whenthe,1,476067,183,50,False
r/WatchandLearn,7,475687,403,36,False
r/196,8,475069,114,40,False
r/marketing,8,474996,140,39,False
r/cordcutters,8,470816,304,38,False
r/circlejerk,7,469720,71,22,False
r/netsec,8,469290,129,48,False
r/SequelMemes,8,468256,102,31,False
r/AdPorn,7,466917,172,46,False
r/castiron,9,462683,56,20,False
r/Military,8,461343,157,45,False
r/AccidentalRacism,8,460297,20,9,False
r/cybersecurity,8,460101,180,53,False
r/MEOW_IRL,3,455935,215,53,False
r/beer,8,449537,184,35,False
r/13or30,1,448762,17,8,False
r/ToiletPaperUSA,8,443908,177,43,False
r/AskMenOver30,8,443239,122,44,False
r/starwarsmemes,1,441602,120,39,False
r/Neverbrokeabone,9,439792,17,8,False
r/EverythingScience,8,436766,372,64,False
r/catsareliquid,3,435830,76,25,False
r/socialism,8,435266,149,52,False
r/ComedyNecrophilia,1,432095,140,46,False
r/engineering,7,429587,141,42,False
r/unixporn,8,427321,183,56,False
r/Blep,3,425976,39,14,False
r/RimWorld,9,424682,171,43,False
r/BritishSuccess,1,423824,60,25,False
r/UkrainianConflict,8,421231,299,67,False
r/StarWarsBattlefront,1,420074,123,43,False
r/Angryupvote,1,417240,103,36,False
r/outrun,7,407764,118,27,False
r/Badfaketexts,3,404052,42,19,False
r/lakers,8,401627,205,69,False
r/feedthebeast,9,399243,152,55,False
r/functionalprint,9,398523,106,43,False
r/Berserk,1,397469,148,42,False
r/newzealand,8,393392,113,40,False
r/sanfrancisco,7,393283,145,49,False
r/mallninjashit,8,391197,40,18,False
r/animation,9,390936,194,78,False
r/CrusaderKings,1,390660,141,50,False
r/imaginarymaps,9,388126,243,73,False
r/Persona5,1,387960,159,53,False
r/HowToHack,8,387930,232,64,False
r/mathmemes,1,387641,156,32,False
r/MasterReturns,3,385695,67,29,False
r/totalwar,1,385442,179,46,False
r/fuckcars,4,384192,138,35,False
r/IndiaNostalgia,3,383990,235,77,False
r/restofthefuckingowl,9,383533,39,16,False
r/youdontsurf,1,383496,329,35,False
r/trashpandas,7,381354,141,51,False
r/torontoraptors,8,380953,164,57,False
r/traaaaaaannnnnnnnnns,8,378903,129,36,False
r/fo76,2,377913,66,22,False
r/gaybros,8,377070,133,40,False
r/rance,8,376039,179,51,False
r/legostarwars,9,373574,149,50,False
r/SapphoAndHerFriend,8,373298,59,22,False
r/Catculations,3,373279,162,38,False
r/Kombucha,9,372718,92,35,False
r/Michigan,8,371441,146,46,False
r/ChainsawMan,1,370231,225,53,False
r/SteamDeck,8,363150,71,27,False
r/shittyreactiongifs,7,362722,99,32,False
r/IndianGaming,8,360792,134,51,False
r/PartyParrot,3,354342,161,46,False
r/Warthunder,6,353763,110,38,False
r/Christianity,8,351902,67,28,False
r/trebuchetmemes,7,349545,65,24,False
r/titanfall,1,346411,110,40,False
r/Austin,9,345112,128,32,False
r/reactjs,8,338741,206,69,False
r/gay,8,338466,224,46,False
r/shittyrainbow6,9,336531,93,38,False
r/motivation,3,333033,148,51,False
r/EliteDangerous,1,332320,101,36,False
r/Unity3D,1,330476,236,75,False
r/absolutelynotmeirl,3,327764,139,39,False
r/PlayStationPlus,1,325819,224,37,False
r/religiousfruitcake,8,323882,137,47,False
r/Idiotswithguns,4,318616,143,45,False
r/MURICA,7,316582,67,25,False
r/SupermodelCats,3,314169,38,16,False
r/occult,9,313594,165,49,False
r/curledfeetsies,3,312697,28,11,False
r/washingtondc,9,312064,134,50,False
r/fixedbytheduet,3,310969,186,67,False
r/MTB,5,308065,165,63,False
r/synthesizers,9,307659,104,39,False
r/Gunners,8,300987,210,59,False
r/Portland,8,299046,102,38,False
r/musicproduction,8,295021,109,42,False
r/premed,1,292685,123,42,False
r/WeatherGifs,7,291060,339,36,False
r/Konosuba,1,290227,255,59,False
r/motogp,9,289502,259,64,False
r/arresteddevelopment,1,289375,70,29,False
r/java,8,287665,212,59,False
r/learnmachinelearning,8,287562,236,70,False
r/Monero,8,287494,173,53,False
r/xqcow,1,285992,103,42,False
r/discordVideos,1,285640,201,72,False
r/goldenretrievers,7,284622,66,27,False
r/EntrepreneurRideAlong,8,284469,248,54,False
r/simracing,9,282628,84,33,False
r/radiohead,9,282329,96,32,False
r/linuxmasterrace,8,279271,109,38,False
r/skamtebord,5,277565,56,19,False
r/JDM,4,277442,139,43,False
r/wokekids,8,277437,42,19,False
r/eagles,8,276095,136,41,False
r/vexillologycirclejerk,8,273523,61,20,False
r/fakedisordercringe,8,272979,88,39,False
r/F1Porn,9,272345,166,36,False
r/Iamactuallyverybadass,3,271996,139,38,False
r/logodesign,8,269875,284,58,False
r/rally,4,268448,218,53,False
r/Eminem,1,266188,184,58,False
r/ProperAnimalNames,8,264509,120,43,False
r/boomershumor,7,259612,101,22,False
r/HIMYM,1,259251,104,40,False
r/Anarchism,8,256864,124,44,False
r/fountainpens,9,255962,120,45,False
r/Jazz,1,255888,186,54,False
r/minnesota,8,254919,131,47,False
r/guitarlessons,8,254830,179,51,False
r/AvatarMemes,1,253165,129,47,False
r/Deltarune,2,248810,204,60,False
r/titanfolk,1,247334,143,48,False
r/linux_gaming,8,244944,218,42,False
r/OkCupid,1,243052,194,32,False
r/cpp,8,241072,196,53,False
r/horizon,1,238751,134,37,False
r/KingOfTheHill,8,234715,145,39,False
r/Firearms,8,234571,197,49,False
r/gamecollecting,4,230979,90,35,False
r/interesting,8,230904,255,61,False
r/nova,9,230016,125,44,False
r/steelers,8,229519,157,54,False
r/rust,8,225493,210,54,False
r/MrRobot,1,225121,156,41,False
r/berlin,9,224347,122,39,False
r/evangelionmemes,1,222137,175,45,False
r/Infographics,8,222077,202,51,False
r/learnjavascript,8,222067,235,65,False
r/F1Technical,9,221689,199,62,False
r/modnews,5,221591,435,65,False
r/sffpc,8,221156,113,39,False
r/modelmakers,7,219944,193,65,False
r/distressingmemes,1,217664,189,50,False
r/wisconsin,8,211016,152,43,False
r/WarplanePorn,9,208668,331,77,False
r/Netherlands,9,208147,83,34,False
r/duolingo,1,208104,45,19,False
r/Amsterdam,9,205638,130,52,False
r/travisscott,8,204829,101,40,False
r/SampleSize,2,201586,236,77,False
r/physicsgifs,7,200285,236,57,False
r/robotics,7,199170,203,66,False
r/SiegeAcademy,9,195765,130,44,False
r/pan,5,195759,174,28,False
r/agedlikewine,8,195559,28,12,False
r/F1Game,9,194041,118,48,False
r/notmycat,3,193267,82,34,False
r/minnesotavikings,8,192184,161,46,False
r/standardissuecat,3,189642,147,48,False
r/Floof,7,188270,152,49,False
r/drums,9,187322,170,53,False
r/DankLeft,8,187129,219,49,False
r/Crypto_com,8,186000,153,40,False
r/opensource,8,185978,180,54,False
r/MacroPorn,9,185324,233,69,False
r/PeakyBlinders,1,183942,191,60,False
r/Layer,5,183252,158,49,False
r/foxes,7,182362,261,61,False
r/BatmanArkham,8,181761,120,39,False
r/progun,8,181023,154,45,False
r/Wordpress,8,180397,145,49,False
r/CatsBeingCats,3,178297,348,20,False
r/Mid_Century,4,177961,168,66,False
r/Minneapolis,8,175627,136,42,False
r/NFA,8,175524,220,67,False
r/PokemonUnite,3,171171,120,46,False
r/ParlerWatch,8,170734,269,49,False
r/fifthworldproblems,8,170143,162,45,False
r/kittens,3,169709,83,35,False
r/firefox,8,169428,122,44,False
r/ToolBand,8,168819,140,47,False
r/Imposter,5,168813,56,25,False
r/Gameboy,4,167408,98,36,False
r/newyorkcity,8,166743,189,61,False
r/sciences,8,166187,389,30,False
r/ChineseLanguage,9,164789,245,60,False
r/CapitolConsequences,8,161653,359,65,False
r/tampa,7,161513,178,53,False
r/Business_Ideas,8,160315,136,39,False
r/aaaaaaacccccccce,8,160304,146,27,False
r/FallenOrder,1,159651,91,32,False
r/physicsmemes,1,158726,125,48,False
r/CorporateFacepalm,7,158186,67,25,False
r/PHP,8,156263,212,57,False
r/thinkpad,1,155756,79,32,False
r/SonyAlpha,9,155293,192,67,False
r/ECE,8,154880,146,48,False
r/bengals,8,154560,190,60,False
r/deathgrips,8,152167,81,32,False
r/Sandwiches,9,151721,179,68,False
r/Honda,4,150864,124,50,False
r/HumanTippyTaps,8,149844,60,26,False
r/n64,1,148694,101,38,False
r/Political_Revolution,8,147394,279,60,False
r/notdisneyvacation,9,147306,310,34,False
r/MarchAgainstNazis,8,147119,375,25,False
r/W2S,1,146625,65,27,False
r/shittymobilegameads,9,146614,50,22,False
r/TwinCities,7,146357,155,49,False
r/chloe,1,146100,500,2,False
r/neoliberal,8,145240,149,55,False
r/2020PoliceBrutality,8,144551,254,53,False
r/ems,1,144457,148,54,False
r/Morrowind,1,144406,194,56,False
r/scuba,8,139136,152,53,False
r/iRacing,9,138377,131,47,False
r/Sherlock,1,137633,179,46,False
r/extremelyinfuriating,1,134367,56,21,False
r/guitarporn,1,133517,69,29,False
r/BitchImATrain,1,132678,121,44,False
r/Unity2D,1,131327,290,92,False
r/deathnote,1,129441,126,35,False
r/thebutton,5,129217,64,29,False
r/linuxmemes,8,129039,88,36,False
r/iOSProgramming,8,124737,231,60,False
r/lastweektonight,1,124482,121,40,False
r/DesignDesign,8,123696,100,41,False
r/WebGames,8,119884,92,33,False
r/telescopes,9,119384,219,63,False
r/GhanaSaysGoodbye,3,118666,141,51,False
r/WorldOfWarships,6,118428,196,70,False
r/morbidlybeautiful,3,118316,152,40,False
r/taoism,8,118043,221,53,False
r/Bikeporn,8,116337,221,56,False
r/Windows11,8,115138,201,66,False
r/auckland,8,109990,123,40,False
r/django,8,109540,227,57,False
r/BlackLivesMatter,8,109405,244,44,False
r/css,8,108823,218,56,False
r/SideProject,8,106437,127,57,False
r/turning,5,104595,192,78,False
r/80sdesign,7,101863,269,54,False
r/Drizzy,1,101529,214,68,False
r/Cinema4D,9,100916,291,81,False
r/illusionporn,7,100247,165,46,False
r/kde,8,97791,275,47,False
r/oklahoma,8,97245,133,45,False
r/iPhoneography,8,96761,133,48,False
r/politecats,4,95099,136,55,False
r/BeamNG,8,93042,166,52,False
r/Horses,9,92948,151,54,False
r/DetroitBecomeHuman,2,92428,188,56,False
r/ShittyMapPorn,9,91824,140,38,False
r/lithuania,9,90712,183,60,False
r/CircleofTrust,5,90027,4,1,False
r/tiktokcringemoment,4,88821,309,67,False
r/uwaterloo,8,88345,180,62,False
r/ContraPoints,8,87516,211,49,False
r/Blizzard,1,87419,47,16,False
r/foundsatan,9,86930,119,49,False
r/ElectroBOOM,9,86686,115,45,False
r/LoveForLandlords,8,86353,167,53,False
r/BlackMetal,9,86275,224,50,False
r/popheadscirclejerk,8,86238,216,64,False
r/CatsEnjoyingPets,4,86217,240,62,False
r/ProgrammingLanguages,8,85265,237,57,False
r/acting,8,84969,152,51,False
r/BasicIncome,8,84872,351,38,False
r/YangForPresidentHQ,8,84848,204,53,False
r/Blink182,5,84442,158,59,False
r/badlinguistics,8,84311,129,53,False
r/Wonderlands,3,83726,84,36,False
r/regularshow,8,83678,197,45,False
r/ClimateActionPlan,8,83638,316,42,False
r/trance,5,83312,181,58,False
r/DeathByMillennial,8,82770,152,51,False
r/JoeBiden,8,81507,212,56,False
r/mkbhd,8,79903,154,60,False
r/TrueSTL,1,79670,265,62,False
r/ModSupport,8,74438,179,57,False
r/SpaceXMasterrace,9,74301,239,75,False
r/cosmology,8,74160,226,40,False
r/Archero,8,73768,153,47,False
r/Lexus,4,73511,124,41,False
r/tales,1,70315,237,71,False
r/submarines,9,70242,294,46,False
r/generative,8,68317,327,93,False
r/changelog,5,65451,465,51,False
r/Trumpvirus,8,64865,369,50,False
r/DataArt,8,64779,319,52,False
r/shanghai,9,64364,240,66,False
r/PhysicsStudents,8,63958,140,41,False
r/carscirclejerk,8,62708,147,54,False
r/UncleRoger,1,62033,106,45,False
r/behindthebastards,9,61199,181,59,False
r/diypedals,9,61146,212,70,False
r/pop_os,8,60501,133,40,False
r/VoteBlue,8,60497,399,39,False
r/VaushV,8,59065,224,63,False
r/cyberDeck,9,58272,217,76,False
r/CrossView,8,58088,262,52,False
r/LockdownSkepticism,8,55899,232,61,False
r/Drumming,9,53570,248,61,False
r/ThanksObama,8,52792,114,39,False
r/progrockmusic,9,51318,229,68,False
r/okbuddyreiner,1,48537,222,67,False
r/pitchforkemporium,5,47908,144,44,False
r/technicalminecraft,9,47499,248,75,False
r/RedBullRacing,9,46690,294,52,False
r/diysound,8,46493,218,71,False
r/aviationmemes,5,44059,196,56,False
r/providence,9,43239,225,64,False
r/AIDungeon,1,43144,150,48,False
r/dunememes,1,42744,174,63,False
r/Barotrauma,1,42723,205,53,False
r/KeepOurNetFree,8,41789,377,32,False
r/fuckepic,1,41648,238,65,False
r/QuestPiracy,8,41622,130,37,False
r/occupywallstreet,8,39717,192,46,False
r/CatsAndPlants,4,39340,108,42,False
r/ScienceTeachers,8,36937,174,57,False
r/redditsecurity,5,34569,35,6,False
r/psytrance,1,34415,195,62,False
r/thesidehustle,8,34397,222,57,False
r/termux,8,33253,287,64,False
r/finalfantasyx,1,32105,183,59,False
r/hopeposting,1,29996,222,72,False
r/redesign,5,29241,122,36,False
r/uspolitics,8,28979,382,47,False
r/WatchPeopleCode,8,28807,364,61,False
r/Cosmos,9,26660,235,48,False
r/ecomi,8,26385,291,75,False
r/vintagecgi,9,25365,351,58,False
r/mantids,8,24465,245,68,False
r/yuumimains,1,24104,189,66,False
r/risa,9,24004,324,68,False
r/Harambe,8,22933,97,36,False
r/FirefoxCSS,8,21800,228,64,False
r/duluth,7,21798,227,76,False
r/FormulaBuddyRetard,9,20416,328,68,False
r/stateofMN,8,20164,389,56,False
r/McLarenFormula1,9,19936,276,61,False
r/avatartrading,8,19793,285,81,False
r/SurvivalGaming,1,18635,323,70,False
r/vjing,8,18131,330,66,False
r/nightcafe,9,18027,250,74,False
r/TechnicalDeathMetal,9,16289,323,61,False
r/Andromeda321,8,16036,499,1,False
r/MisterBald,8,15959,205,55,False
r/SubredditAdoption,5,15484,24,3,False
r/videosynthesis,8,15469,401,65,False
r/drumline,9,14590,244,71,False
r/CitizensClimateLobby,8,14417,477,9,False
r/beneater,9,13910,303,76,False
r/guitarpedalsjerk,1,13677,225,63,False
r/starryai,8,13491,257,66,False
r/HappyPitbull,9,13339,309,62,False
r/CatTrap,4,12914,146,60,False
r/dalmatians,7,12208,234,80,False
r/TBI,3,11909,185,67,False
r/ADTR,5,11076,225,64,False
r/fo4vr,9,9151,287,62,False
r/Pimax,9,9020,303,75,False
r/Phanteks,8,8620,154,60,False
r/thisshitistight,9,8321,338,69,False
r/uvtrade,8,6768,353,68,False
r/MetalDrums,9,5552,318,68,False
r/pengu,9,5155,500,1,False
r/stripe,7,5029,120,21,False
r/KTMDuke,9,4762,215,80,False
r/newgrowers,8,4367,324,77,False
r/TracingInsights,9,2822,306,7,False
r/neocentrism,8,2673,342,48,False
r/ECEComponentExchange,9,2573,66,20,False
r/BottleNeck,8,2291,475,11,False
r/Daytroopin,1,1925,458,32,False
r/vi,9,1309,246,1,False
r/netpolitics,8,861,493,8,False
r/GrassrootsLongevity,8,282,465,10,False
r/ZadocPaet,5,237,468,3,False
r/interlingue,8,162,182,15,False
r/MoneroTipsBot,8,63,4,1,False
r/Avieshek,8,34,8,1,False
r/MalaysiaCentrist,8,29,65,1,False
r/FaviFake,8,27,3,1,False
r/TaoMastery,8,6,36,2,False
r/u_ZadocPaet,5,0,10,1,False
r/u_PieChartPirate,8,0,28,1,False
r/u_Kronyzx,3,0,3,1,False
r/u_Morchel03,1,0,123,1,False
r/u_MyNameGifOreilly,3,0,4,1,False
r/u_MyNameIsGriffon,8,0,36,1,False
r/u_NiceCasualRedditGuy,3,0,17,1,False
r/u_Pazluz,3,0,2,1,False
r/u_PeterL1nch,9,0,10,1,False
r/u_PorkyPain,3,0,8,1,False
r/u_Herbies_Seeds,8,0,4,1,False
r/u_RampChurch,7,0,4,1,False
r/u_SerAntwon,1,0,120,1,False
r/u_ShaneH7646,5,0,21,1,False
r/u_ShrekkingHandsome,1,0,10,1,False
r/u_SirT6,8,0,57,1,False
r/u_SrGrafo,1,0,500,1,False
r/u_I_Am_Err00r,7,0,3,1,False
r/u_GravyxNips,1,0,8,1,False
r/u__workchronicles,1,0,14,1,False
r/u_CAP_X,7,0,7,1,False
r/u_ADAMWARLOCK707,1,0,5,1,False
r/u_ALoBoi_Music,7,0,58,1,False
r/u_Alzward,1,0,5,1,False
r/u_Andromeda321,8,0,264,1,False
r/u_BOSSBABY33,3,0,2,1,False
r/u_BroderzYt,8,0,4,1,False
r/u_Chispy,8,0,22,1,False
r/u_Georgy_K_Zhukov,5,0,7,1,False
r/u_ConsciousPatroller,3,0,3,1,False
r/u_Dansydemansy,1,0,4,1,False
r/u_DesMephisto,9,0,10,1,False
r/u_EnterpriseNews_Elf,8,0,2,1,False
r/u_FaviFake,8,0,2,1,False
r/u_GallowBoob,7,0,424,1,False
r/u_Thibson34,1,0,50,1,False
r/u_Thryloz,3,0,4,1,False
r/u_Tokyono,5,0,2,1,False
r/u_TracingInsights,9,0,3,1,False
r/u_lookatnum,8,0,6,1,False
r/u_lazymentors,8,0,106,1,False
r/u_kevinowdziej,8,0,9,1,False
r/u_josh-mountain,8,0,5,1,False
r/u_etymologynerd,9,0,11,1,False
r/u_esberat,3,0,5,1,False
r/u_elch3w,1,0,21,1,False
r/u_eastcoastitnotes,1,0,29,1,False
r/u_dickfromaccounting,7,0,33,1,False
r/u_delusionsheeep,3,0,5,1,False
r/u_dcxr,1,0,97,1,False
r/u_bendubberley_,3,0,4,1,False
r/u_asanefeed,8,0,3,1,False
r/u_ajamesmccarthy,9,0,23,1,False
r/u_achilles-_-23,1,0,4,1,False
r/u_mattreyu,9,0,2,1,False
r/u_matts41,8,0,15,1,False
r/u_mymexicanshrek,3,0,3,1,False
r/u_tfoust10,9,0,113,1,False
r/u_TwasAnChild,8,0,4,1,False
r/u_Unicornglitteryblood,7,0,500,1,False
r/u_Unique_District_9381,3,0,20,1,False
r/u_XenoGamer27,5,0,6,1,False
r/u_winkysocks21,1,0,3,1,False
r/u_tszdabee,7,0,2,1,False
r/u_subins2000,8,0,2,1,False
r/u_nicolebun,10,0,69,1,False
r/u_sloth_on_meth,5,0,46,1,False
r/u_shittymorph,7,0,30,1,False
r/u_rightcoastguy,1,0,115,1,False
r/u_prestidigitator97,1,0,4,1,False
r/u_phd_dude,8,0,3,1,False
r/u_pdwp90,8,0,500,1,False
r/u_My_Memes_Will_Cure_U,3,0,3,1,False
